<library path="ur_controllers">
  <class name="ur_controllers/SpeedScalingStateBroadcaster" type="ur_controllers::SpeedScalingStateBroadcaster" base_class_type="controller_interface::ControllerInterface">
    <description>
      This controller publishes the readings of all available speed scaling factors.
    </description>
  </class>
  <class name="ur_controllers/ScaledJointTrajectoryController" type="ur_controllers::ScaledJointTrajectoryController" base_class_type="controller_interface::ControllerInterface">
    <description>
      Scaled position-based joint trajectory controller.
    </description>
  </class>
  <class name="ur_controllers/GPIOController" type="ur_controllers::GPIOController" base_class_type="controller_interface::ControllerInterface">
    <description>
      This controller publishes the Tool IO.
    </description>
  </class>
</library>
